<?xml version="1.0" encoding="UTF-8" ?>
<!DOCTYPE struts PUBLIC
    "-//Apache Software Foundation//DTD Struts Configuration 2.0//EN"
    "http://struts.apache.org/dtds/struts-2.0.dtd">
 
<struts>
    <constant name="struts.enable.DynamicMethodInvocation"
        value="false" />
    <constant name="struts.devMode" value="false" />
    <constant name="struts.custom.i18n.resources"
        value="ApplicationResources" />
 
<package name="default" extends="struts-default" namespace="/" >
    

		 <action name="Adminlogin"

            class="login.TestPresentation">
            <result name="success">AdminWelcome.jsp</result>
            <result name="error">Login.jsp</result>
            
         </action> 
    
     <action name="register"
            class="register.RegisterClick">
            <result name="success">Login.jsp</result>
            
          <result name="error">Login.jsp</result> 
    </action>   
       
        <action name="login"

            class="login.TestPresentation">
            <result name="success">UserWelcome.jsp</result>
            <result name="error">Login.jsp</result>
    	</action>  
     
        <action name="logout"

            class="login.Logout">
            <result name="success">Login.jsp</result>
            
    	</action>  
    
     <action name="trip"

            class="tripInformation.TripClick">
            
             <result name="success">UserWelcomenew.jsp</result>
            
    	</action> 
    	
   
    
   <action name="userstatus" 
			class="login.TestPrep2" >
			
			<result name="success"> UserWelcomenew.jsp </result>
		</action>
		
     <action name="plan" 
			class="planTrip.PlanningTrips" >
			
			<result name="success"> plannew.jsp </result>
		</action>
         
         <action name="savelayout" 
			class="planTrip.StoreLayoutDetails" >
			
			<result name="success"> plannew.jsp </result>
		</action>
         
      
      <action name="testhidden" 
			class="test.ShowTest" >
			
			<result name="success"> Test2.jsp </result>
		</action> 
         
         
         <action name="testhidden2" 
			class="test.test2" >
			
			<result name="success"> Test3.jsp </result>
		</action> 
		
		
		
		<action name="testloading" 
			class="test.testforloadingaction" >
			
			<result name="success"> Login.jsp </result>
			<result name="error"> TestLoadingAction.jsp </result>
		</action>
        
    </package>
</struts>